{
  "miniVersion": "v2",
  "name": "%name%",
  "version": "0.0.1",
  "i18nFilePath": "i18n",
  "mini-android": {
    "sdkVersion": "1.2.9",
    "toolkitVersion": "0.10.0",
    "useExtendedSdk": {
      "media": false,
      "bluetooth": false,
      "network": false,
      "scanner": false,
      "xweb": false
    },
    "icons": {
      "hdpi": "",
      "xhdpi": "",
      "xxhdpi": "",
      "xxxhdpi": ""
    },
    "splashscreen": {
      "hdpi": "",
      "xhdpi": "",
      "xxhdpi": ""
    },
    "enableVConsole": "open",
    "privacy": {
      "enable": true
    }
  },
  "mini-ios": {
    "sdkVersion": "1.2.13",
    "toolkitVersion": "0.0.9",
    "useExtendedSdk": {
      "WeAppOpenFuns": true,
      "WeAppNetwork": false,
      "WeAppBluetooth": false,
      "WeAppMedia": false,
      "WeAppLBS": false,
      "WeAppOthers": false
    },
    "enableVConsole": "open",
    "icons": {
      "mainIcon120": "",
      "mainIcon180": "",
      "spotlightIcon80": "",
      "spotlightIcon120": "",
      "settingsIcon58": "",
      "settingsIcon87": "",
      "notificationIcon40": "",
      "notificationIcon60": "",
      "appStore1024": ""
    },
    "splashScreen": {
      "customImage": ""
    },
    "privacy": {
      "enable": false
    },
    "enableOpenUrlNavigate": true
  },
  "versionCode": 100
}